Dataset,MissingRatio,Alpha,Lambda,MeanACC,StdACC,MeanNMI,StdNMI,MeanARI,StdARI,SolverFailureRate,MeanMinResolventDenom,StdMinResolventDenom,MeanSpectralGap,StdSpectralGap,MeanLargestComponentRatio,StdLargestComponentRatio,NumericBoundaryCrossed,TopologyBoundaryCrossed,FrozenMRatio,FrozenK
SUNRGBD_2v_10335n_45c_fea_zscore,0.97,0.995,0.005025126,0.143512337,0.009467372,0.159059358,0.004748968,0.053036185,0.002986624,0,0.005,1.44E-15,0.002419919,0.001826324,1,0,0,0.4,5,5
SUNRGBD_2v_10335n_45c_fea_zscore,0.97,0.997,0.003009027,0.139351717,0.00765109,0.153207117,0.003000582,0.049223533,0.002497574,0,0.003,2.42E-15,0.001854954,0.001345693,1,0,0,0.4,5,5
SUNRGBD_2v_10335n_45c_fea_zscore,0.97,0.999,0.001001001,0.140919207,0.003322076,0.159967794,0.003008004,0.050982511,0.002294896,0,0.001,1.49E-15,0.002963794,0.002928758,1,0,0.4,0.4,5,5
SUNRGBD_2v_10335n_45c_fea_zscore,0.97,0.9995,0.00050025,0.143164006,0.006429388,0.155587423,0.00659336,0.051311928,0.002955855,0,0.0005,1.65E-15,0.002742479,0.001503881,1,0,1,0,5,5
SUNRGBD_2v_10335n_45c_fea_zscore,0.97,0.9999,0.00010001,0.13848089,0.006772203,0.158667849,0.004233243,0.049985075,0.001998714,0,0.0001,1.34E-15,0.004105741,0.001834644,1,0,1,0,5,5
SUNRGBD_2v_10335n_45c_fea_zscore,0.98,0.995,0.005025126,0.145815191,0.003744945,0.160124092,0.004883554,0.054775226,0.003379464,0,0.005,1.42E-15,0.004041221,0.002221971,1,0,0,0,5,5
SUNRGBD_2v_10335n_45c_fea_zscore,0.98,0.997,0.003009027,0.145834543,0.006483331,0.160069823,0.004014272,0.052237745,0.002960211,0,0.003,1.52E-15,0.004666559,0.003474412,1,0,0,0.2,5,5
SUNRGBD_2v_10335n_45c_fea_zscore,0.98,0.999,0.001001001,0.14838897,0.008403415,0.163025644,0.003970968,0.056248777,0.003165033,0,0.001,2.66E-15,0.002735444,0.001276146,1,0,0.4,0,5,5
SUNRGBD_2v_10335n_45c_fea_zscore,0.98,0.9995,0.00050025,0.147363328,0.009273441,0.16053018,0.003979871,0.052889762,0.004398569,0,0.0005,2.88E-15,0.001707501,0.001523263,1,0,1,0.4,5,5
SUNRGBD_2v_10335n_45c_fea_zscore,0.98,0.9999,0.00010001,0.139680697,0.00545018,0.160534024,0.001371397,0.052483877,0.001260461,0,1.00E-04,3.97E-16,0.002002909,0.001567881,1,0,1,0.6,5,5
SUNRGBD_2v_10335n_45c_fea_zscore,0.99,0.995,0.005025126,0.14411224,0.004237319,0.159905456,0.002581597,0.052984628,0.001285725,0,0.005,1.57E-15,0.003315824,0.003115429,0.900584145,0.222300611,0,0.6,5,5
SUNRGBD_2v_10335n_45c_fea_zscore,0.99,0.997,0.003009027,0.142970489,0.004977475,0.161557638,0.004279082,0.05320763,0.002567402,0,0.003,1.31E-15,0.0024914,0.001422156,0.901010663,0.221346887,0,0.2,5,5
SUNRGBD_2v_10335n_45c_fea_zscore,0.99,0.999,0.001001001,0.142215772,0.005855454,0.161678658,0.003790947,0.053158205,0.002892448,0,0.001,2.52E-15,0.003990695,0.004451838,0.900992119,0.221388353,0.6,0.2,5,5
SUNRGBD_2v_10335n_45c_fea_zscore,0.99,0.9995,0.00050025,0.147905177,0.006315157,0.160449843,0.00558609,0.05476751,0.003687308,0,0.0005,1.23E-15,0.005037082,0.002613638,0.800797404,0.272770523,1,0.4,5,5
SUNRGBD_2v_10335n_45c_fea_zscore,0.99,0.9999,0.00010001,0.142041606,0.005035167,0.157530463,0.003048788,0.050933585,0.003007321,0,1.00E-04,1.19E-15,0.002259017,0.001794694,0.502939268,0.0034844,1,1,5,5
NUSWIDEOBJ_5v_30000n_31c_fea_zscore,0.97,0.995,0.005025126,0.082533333,0.001531158,0.051550817,0.002448674,0.012065304,0.001683884,0,0.005,1.37E-14,0.000435306,0.000292329,1,0,0,1,100,5
NUSWIDEOBJ_5v_30000n_31c_fea_zscore,0.97,0.997,0.003009027,0.081253333,0.002805609,0.050769262,0.001113032,0.012474438,0.000686432,0,0.003,8.97E-15,0.000237139,0.000272457,1,0,0,1,100,5
NUSWIDEOBJ_5v_30000n_31c_fea_zscore,0.97,0.999,0.001001001,0.084173333,0.00519767,0.052517838,0.001418104,0.01258751,0.000929233,0,0.001,2.14E-14,0.000622708,0.000299084,1,0,0.4,1,100,5
NUSWIDEOBJ_5v_30000n_31c_fea_zscore,0.97,0.9995,0.00050025,0.082593333,0.002798948,0.051880702,0.000642337,0.01317418,0.000963423,0,0.0005,2.83E-14,0.000746186,0.000488984,1,0,1,0.8,100,5
NUSWIDEOBJ_5v_30000n_31c_fea_zscore,0.97,0.9999,0.00010001,0.084146667,0.003438798,0.052610315,0.001093491,0.013387411,0.000883024,0,1.00E-04,3.16E-14,0.000532858,0.000588343,1,0,1,0.8,100,5
NUSWIDEOBJ_5v_30000n_31c_fea_zscore,0.98,0.995,0.005025126,0.082153333,0.005453979,0.051619534,0.002792643,0.012692864,0.000919401,0,0.005,1.23E-14,0.000341212,0.000266394,1,0,0,1,100,5
NUSWIDEOBJ_5v_30000n_31c_fea_zscore,0.98,0.997,0.003009027,0.082906667,0.002632004,0.052624257,0.001416818,0.01359534,0.001219478,0,0.003,1.84E-14,0.00029613,0.000194557,1,0,0,1,100,5
NUSWIDEOBJ_5v_30000n_31c_fea_zscore,0.98,0.999,0.001001001,0.082346667,0.002790022,0.050950282,0.001686441,0.012975375,0.000837628,0,0.001,2.48E-14,0.000935008,0.000426849,1,0,0.4,0.8,100,5
NUSWIDEOBJ_5v_30000n_31c_fea_zscore,0.98,0.9995,0.00050025,0.081686667,0.004480179,0.051745229,0.001529263,0.01278447,0.001340496,0,0.0005,1.21E-14,0.000583907,0.000308982,1,0,1,1,100,5
NUSWIDEOBJ_5v_30000n_31c_fea_zscore,0.98,0.9999,0.00010001,0.083666667,0.002531907,0.051333016,0.002121528,0.012013833,0.001130704,0,0.0001,8.60E-15,0.000707142,0.00056662,1,0,1,0.8,100,5
NUSWIDEOBJ_5v_30000n_31c_fea_zscore,0.99,0.995,0.005025126,0.083206667,0.002777929,0.050506588,0.002313493,0.01100397,0.001915017,0,0.005,3.32E-14,0.000810099,0.000492418,1,0,0,0.4,100,5
NUSWIDEOBJ_5v_30000n_31c_fea_zscore,0.99,0.997,0.003009027,0.081513333,0.001710361,0.050934262,0.000807048,0.01235678,0.000718173,0,0.003,1.73E-14,0.000343267,0.000115374,1,0,0,1,100,5
NUSWIDEOBJ_5v_30000n_31c_fea_zscore,0.99,0.999,0.001001001,0.084066667,0.003982462,0.051656988,0.001619447,0.012371564,0.000492113,0,0.001,9.10E-15,0.000349421,0.000178703,1,0,0.4,1,100,5
NUSWIDEOBJ_5v_30000n_31c_fea_zscore,0.99,0.9995,0.00050025,0.079086667,0.001214862,0.050933241,0.002054529,0.011673313,0.000775877,0,0.0005,1.14E-14,0.000225038,0.000177364,1,0,1,1,100,5
NUSWIDEOBJ_5v_30000n_31c_fea_zscore,0.99,0.9999,0.00010001,0.080246667,0.003309465,0.050264045,0.001796451,0.012440934,0.000978575,0,1.00E-04,1.87E-14,0.000293152,0.00026077,1,0,1,1,100,5
